smiles,reaction_energy
O=C(O)C1Cc2c(OS(=O)(=O)O)ccc(OS(=O)(=O)O)c2CN1C(=O)CCCCc1cc(OS(=O)(=O)O)ccc1OS(=O)(=O),0.14204175655245777
OCC3OC(OCC2OC(OC(C#N)c1ccccc1)C(O)C(O)C2O)C(O)C(O)C3O ,0.5286309939622879
Cc1occc1C(=O)Nc2ccccc2,-0.05637784833312043
CC(C)=CCCC(C)=CC(=O),0.08876731358170509
c1ccc2c(c1)ccc3c2ccc4c5ccccc5ccc43,0.2105617694020271
c2ccc1scnc1c2 ,-0.31648358353078365
Clc1cc(Cl)c(c(Cl)c1)c2c(Cl)cccc2Cl,-0.011206250417232555
CC12CCC3C(CCc4cc(O)ccc34)C2CCC1O,1.0009926852107047
ClC4=C(Cl)C5(Cl)C3C1CC(C2OC12)C3C4(Cl)C5(Cl)Cl,-0.4059372671350837
COc5cc4OCC3Oc2c1CC(Oc1ccc2C(=O)C3c4cc5OC)C(C)=C ,0.5646541105628012
O=C1CCCN1,0.26762987930774684
Clc1ccc2ccccc2c1,0.21159904602169988
CCCC=C,0.00785527877211567
CCC1(C(=O)NCNC1=O)c2ccccc2,0.6535068133950234
CCCCCCCCCCCCCC,-0.029662170070409832
CC(C)Cl,0.08438549947142593
CCC(C)CO,0.09761094666123382
N#Cc1ccccc1,-0.09250994988083838
CCOP(=S)(OCC)Oc1cc(C)nc(n1)C(C)C,0.4679572161555289
CCCCCCCCCC(C)O,0.09111767304539675
Clc1ccc(c(Cl)c1)c2c(Cl)ccc(Cl)c2Cl ,0.08590788295269003
O=c2[nH]c1CCCc1c(=O)n2C3CCCCC3,0.7554900969743729
CCOP(=S)(OCC)SCSCC,0.022965546315908414
CCOc1ccc(NC(=O)C)cc1,0.7252493749022483
CCN(CC)c1c(cc(c(N)c1N(=O)=O)C(F)(F)F)N(=O)=O,0.6144632037520409
CCCCCCCO,0.10022609000802041
Cn1c(=O)n(C)c2nc[nH]c2c1=O,-0.20542160615623
CCCCC1(CC)C(=O)NC(=O)NC1=O,0.7570866026043891
ClC(Cl)=C(c1ccc(Cl)cc1)c2ccc(Cl)cc2,0.10902687218785279
CCCCCCCC(=O)OC,0.3660398808538913
CCc1ccc(CC)cc1,0.6669445335388183
CCOP(=S)(OCC)SCSC(C)(C)C,-0.0029313825309277286
COC(=O)Nc1cccc(OC(=O)Nc2cccc(C)c2)c1,0.1898754356503486
Cc1cccc2c1Cc3ccccc32,0.28502245264649384
CCCCC=O,-0.11916999008953577
N(c1ccccc1)c2ccccc2,0.2232324460566043
CN(C)C(=O)SCCCCOc1ccccc1,0.9283471586465836
CCCOP(=S)(OCCC)SCC(=O)N1CCCCC1C,0.20964722469449038
CCCCCCCI,0.0683536279678344
c1c(Cl)cccc1c2ccccc2,0.14917054864168167
OCCCC=C,0.12668150478601448
O=C2NC(=O)C1(CCC1)C(=O)N2,-0.014852725750207907
CC(C)C1CCC(C)CC1O ,-0.017297208577394474
CC(C)OC=O,0.2688474145531654
CCCCCC(C)O,0.10420051095485683
CC(=O)Nc1ccc(Br)cc1,0.29860767400860777
c1ccccc1n2ncc(N)c(Br)c2(=O),0.447115455007553
COC(=O)C1=C(C)NC(=C(C1c2ccccc2N(=O)=O)C(=O)OC)C ,0.527358842396736
c2c(C)cc1nc(C)ccc1c2 ,0.7182723567366599
CCCCCCC#C,0.04946319276094435
CCC1(C(=O)NC(=O)NC1=O)C2=CCCCC2 ,0.3383175779879093
c1ccc2c(c1)ccc3c4ccccc4ccc23,0.2178854340076446
CCC(C)n1c(=O)[nH]c(C)c(Br)c1=O ,1.2502942657828329
Clc1cccc(c1Cl)c2c(Cl)c(Cl)cc(Cl)c2Cl ,0.001267262560129101
Cc1ccccc1O,0.7704626471757888
CC(C)CCC(C)(C)C,-0.04356790625453
Cc1ccc(C)c2ccccc12,0.5518668323993682
Cc1cc2c3ccccc3ccc2c4ccccc14,0.43411652312278737
CCCC(=O)C,-0.13343063946962358
Clc1cc(Cl)c(Cl)c(c1Cl)c2c(Cl)c(Cl)cc(Cl)c2Cl ,0.032844041007757174
CCCOC(=O)CC,0.3303665687799453
CC34CC(O)C1(F)C(CCC2=CC(=O)C=CC12C)C3CC(O)C4(O)C(=O)CO,-0.1862997637063265
Nc1ccc(O)cc1,0.6163666010856627
O=C(Cn1ccnc1N(=O)=O)NCc2ccccc2,-0.09113500569462785
OC4=C(C1CCC(CC1)c2ccc(Cl)cc2)C(=O)c3ccccc3C4=O,0.31700402348041523
CCNc1nc(Cl)nc(n1)N(CC)CC,1.0140260464310646
NC(=O)c1cnccn1,-0.2694258648723364
CCC(Br)(CC)C(=O)NC(N)=O,0.5267860521912574
Clc1ccccc1c2ccccc2Cl ,0.041893197405338256
O=C2CN(N=Cc1ccc(o1)N(=O)=O)C(=O)N2 ,0.12326513630747793
Clc2ccc(Oc1ccc(cc1)N(=O)=O)c(Cl)c2,0.22720915816426268
CC1(C)C2CCC1(C)C(=O)C2,-0.3639368060857058
O=C1NC(=O)NC(=O)C1(CC=C)c1ccccc1,0.7649463988423347
CCCCC(=O)OCC,0.34623044246435164
CC(C)CCOC(=O)C,0.35092044866681094
O=C1N(COC(=O)CCCCC)C(=O)C(N1)(c2ccccc2)c3ccccc3,0.6883289901852606
Clc1cccc(c1)c2cc(Cl)ccc2Cl ,0.1230381875395774
CCCBr,0.09778080217838281
CCCC1COC(Cn2cncn2)(O1)c3ccc(Cl)cc3Cl,0.35762463292479507
COP(=S)(OC)SCC(=O)N(C)C=O,-0.07392553945183755
Cc1ncnc2nccnc12,-0.17948417949378492
Cc1ccc(C)cc1,0.35314293658733364
CCc1ccccc1CC,0.6502367695927619
CC(C)C(C(=O)OC(C#N)c1cccc(Oc2ccccc2)c1)c3ccc(OC(F)F)cc3,0.3452505067884921
CCCN(=O)=O,0.5541510578155516
CC(C)C1CCC(C)CC1=O,-0.12360385070443158
CCN2c1cc(Cl)ccc1NC(=O)c3cccnc23 ,0.3524525541007518
O=N(=O)c1c(Cl)c(Cl)ccc1,-0.1394252140671015
CCCC(C)C1(CC=C)C(=O)NC(=S)NC1=O ,0.7234947172522544
c1ccc2c(c1)c3cccc4cccc2c34,0.20706106143593783
CCCOC(C)C,0.0887987706005573
Cc1cc(C)c2ccccc2c1,0.646052614545822
CCC(=C(CC)c1ccc(O)cc1)c2ccc(O)cc2 ,0.8891593916416168
c1(C#N)c(Cl)c(C#N)c(Cl)c(Cl)c(Cl)1,-0.5350748779088259
Clc1ccc(Cl)c(c1)c2ccc(Cl)c(Cl)c2,0.1448338146686553
C1OC1c2ccccc2 ,-0.05719461620450028
CC(C)c1ccccc1,0.468569884943962
CC12CCC3C(CCC4=CC(=O)CCC34C)C2CCC1C(=O)CO,-0.2975959039092064
c2(Cl)c(Cl)c(Cl)c1nccnc1c2(Cl) ,-0.6915050286054611
C1OC(O)C(O)C(O)C1O,-0.1633539428830147
CCc1cccc2ccccc12,0.554181028676033
Oc1ccccc1N(=O)=O,0.07568868645429605
Cc1c[nH]c(=O)[nH]c1=O ,0.8976402782320975
CC(C)C,-0.04437346601486214
OCC1OC(C(O)C1O)n2cnc3c(O)ncnc23,0.31380581066608426
Oc1c(I)cc(C#N)cc1I,0.014428371477127055
Oc1ccc(Cl)cc1C(=O)Nc2ccc(cc2Cl)N(=O)=O,-0.09657657456994062
CCCCC,-0.031019280356168744
c1ccccc1O,0.4452571378111839
Nc3ccc2cc1ccccc1cc2c3 ,0.25826119886040677
Cn1cnc2n(C)c(=O)[nH]c(=O)c12 ,0.19449515894651404
c1ccc2cnccc2c1,-0.09886538230776787
COP(=S)(OC)SCC(=O)N(C(C)C)c1ccc(Cl)cc1,0.6114711954116822
CCCCCCc1ccccc1,0.7720831790328025
Clc1ccccc1c2ccccc2,0.08809197844862937
CCCC(=C)C,-0.0004175456464291516
CC(C)C(C)C(C)C,-0.04839104747772216
Clc1cc(Cl)c(Cl)c(Cl)c1Cl,0.02542080379128453
Oc1cccc(c1)N(=O)=O,0.03412523337006568
CCCCCCCCC=C,0.07122358555197716
CC(=O)OCC(COC(=O)C)OC(=O)C,0.12793353129029272
CCCCc1c(C)nc(nc1O)N(C)C ,1.3849654788851735
CC1(C)C(C=C(Cl)Cl)C1C(=O)OC(C#N)c2ccc(F)c(Oc3ccccc3)c2,0.49705025242567047
c1ccncc1,0.12530550790429107
CCCCCCCBr,0.07602393901348115
Cc1ccncc1C,1.0909545575737951
CC34CC(O)C1(F)C(CCC2=CC(=O)CCC12C)C3CCC4(O)C(=O)CO ,-0.215850010406971
CCSCc1ccccc1OC(=O)NC ,0.630915472304821
CCOC(=O)CC(=O)OCC,0.17076554439067837
CC1=CCC(CC1)C(C)=C,-0.08955311395525933
C1Cc2ccccc2C1,0.2569600052833556
CC(C)(C)c1ccc(O)cc1,1.0886516313314436
O=C2NC(=O)C1(CC1)C(=O)N2 ,-0.0686645388185978
Clc1cccc(I)c1,-0.04045948217511186
Brc1cccc2ccccc12,0.2184782873511314
CC/C=C/C,-0.09881249983906748
Cc1cccc(C)n1,0.7456345138907431
Nc1cccc2ccccc12,0.35710491095781316
Cc1cccc(C)c1,0.38565661404132834
Oc2ncc1nccnc1n2,-0.09754344443678864
CCC1(CCC(C)C)C(=O)NC(=O)NC1=O,0.7835606562852858
CCC(=O)C,-0.16036168684959412
Fc1c[nH]c(=O)[nH]c1=O ,0.5463796880006789
Nc1ncnc2n(ccc12)C3OC(CO)C(O)C3O ,0.4140520847260952
Oc1cccc(O)c1,0.9019279689788818
CCCCCCO,0.1047435160696506
CCCCCCl,0.07899148766398423
CCCOC(=O)C,0.3043719250202178
Oc2ccc1CCCCc1c2 ,0.9136013714432715
COP(=S)(OC)Oc1cc(Cl)c(I)cc1Cl,0.48901917643547044
Cc1ccc(Cl)cc1,0.21675174286365506
CSc1nnc(c(=O)n1N)C(C)(C)C,0.47854943840503694
Cc1ccc(OP(=O)(Oc2cccc(C)c2)Oc3ccccc3C)cc1,0.39604009296298026
CCCCCC=O,-0.09187331678867339
CCCCOC(=O)c1ccc(N)cc1,0.7550957696199415
O2c1cc(C)ccc1N(C)C(=O)c3cc(N)cnc23 ,0.2902194865465164
CC(C)=CCC/C(C)=C\CO,-0.012825729578733513
Clc1ccc(cc1)c2ccccc2Cl ,0.11683378595709792
O=C1N(COC(=O)CCCCCCC)C(=O)C(N1)(c2ccccc2)c3ccccc3,0.7817864308834076
CCN(CC(C)=C)c1c(cc(cc1N(=O)=O)C(F)(F)F)N(=O)=O,0.7318873012661934
Clc1ccc(Cl)c(Cl)c1Cl,-0.08982669094204909
CCCC(C)(COC(N)=O)COC(N)=O ,0.5346433714985847
CC(=O)C3CCC4C2CC=C1CC(O)CCC1(C)C2CCC34C ,-0.4001671953365207
CC1CC(C)C(=O)C(C1)C(O)CC2CC(=O)NC(=O)C2 ,0.28012717081904404
O=C1N(COC(=O)CCCCCC)C(=O)C(N1)(c2ccccc2)c3ccccc3,0.7375669031739235
CC1=CC(=O)CC(C)(C)C1 ,0.235351881802082
O=C1NC(=O)NC(=O)C1(CC)C(C)CC,0.7667358573675155
CCCCC(=O)CCCC,-0.062205322998762136
CCC1(CCC(=O)NC1=O)c2ccccc2 ,0.9112310726881027
CCC(C)CC,-0.03446419546008117
CCOc1ccc(cc1)C(C)(C)COCc3cccc(Oc2ccccc2)c3,1.173163760948181
Cc1ccccc1n3c(C)nc2ccccc2c3=O,-0.16824776951372628
CCOP(=S)(CC)Oc1cc(Cl)c(Cl)cc1Cl,0.5300814845323562
CC12CCC(=O)C=C1CCC3C2CCC4(C)C3CCC4(O)C#C ,-0.04669255422949792
Clc1cc(Cl)c(Cl)c(Cl)c1,0.008265520405769333
C1C(O)CCC2(C)CC3CCC4(C)C5(C)CC6OCC(C)CC6OC5CC4C3C=C21,-0.2778663155704737
Nc1ccccc1O,0.7844769967675208
CCCCCCCCC(=O)OCC,0.38909892836809157
COCC(=O)N(C(C)C(=O)OC)c1c(C)cccc1C ,0.8491231520533561
CNC(=O)Oc1ccccc1OC(C)C,0.6734604710698128
CCC(C)Cl,0.09615921762585633
Oc1ccc2ccccc2c1,0.5146706414580345
CC(C)Oc1cc(c(Cl)cc1Cl)n2nc(oc2=O)C(C)(C)C,1.073246856737137
CCCCC#C,0.02559951433539387
CCCCCCCC#C,0.05690506888031954
Cc1ccccc1Cl,0.18393736603260036
CC(C)OC(C)C,0.054538733214139934
Nc1ccc(cc1)S(=O)(=O)c2ccc(N)cc2,0.23754774271845813
CCOP(=S)(OCC)ON=C(C#N)c1ccccc1,0.28751628831624976
CCNP(=S)(OC)OC(=CC(=O)OC(C)C)C,0.11899911870360369
O=c1[nH]cnc2nc[nH]c12 ,-0.5766722649425268
Oc2ccc1ncccc1c2 ,0.03754971379637717
Fc1ccccc1,-0.03567318529486663
CCCCl,0.09426424185633653
CCOC(=O)C,0.2410799077033996
CCCC(C)(C)C,-0.038354276919364994
Cc1cc(C)c(C)c(C)c1C,0.8628068314075469
CC12CCC(CC1)C(C)(C)O2 ,-0.31898989673852923
CCCCOC(=O)CCCCCCCCC(=O)OCCCC,0.3722431678175926
Clc1ccc(cc1)c2ccc(Cl)cc2 ,0.2061652794778347
Cc1cccnc1C,1.0417142915010453
CC(=C)C1CC=C(C)C(=O)C1,0.16623115135431288
CCOP(=S)(OCC)SCSc1ccc(Cl)cc1,0.5061517339825629
COc1cc(cc(OC)c1O)C6C2C(COC2=O)C(OC4OC3COC(C)OC3C(O)C4O)c7cc5OCOc5cc67,1.1015940891981124
c1cc2cccc3c4cccc5cccc(c(c1)c23)c54,0.16687205715179443
Cc1ccc(cc1N(=O)=O)N(=O)=O,-0.3216162791579962
c1c(Br)ccc2ccccc12 ,0.20926856392621984
CNC(=O)Oc1cccc(N=CN(C)C)c1,0.5190928295373917
COc2cnc1ncncc1n2,-0.05617678349018096
Cc3ccnc4N(C1CC1)c2ncccc2C(=O)Nc34 ,0.5097364718198775
CCOP(=S)(OCC)Oc1nc(Cl)n(n1)C(C)C,0.49286473506689055
CC(=C)C=C,0.06353011520504948
CC(C)=CCCC(O)(C)C=C,0.059529934179782806
COP(=S)(OC)Oc1ccc(SC)c(C)c1,0.6878928027033805
OC1CCCCC1,-0.19712518897354603
O=C1NC(=O)NC(=O)C1(C)CC=C,0.5496528279662131
CC34CCC1C(CCC2CC(O)CCC12C)C3CCC4=O,-0.36564113560169936
OCC(O)C(O)C(O)C(O)CO ,0.18632252637147895
Cc1ccc(cc1)c2ccccc2,0.1809883943617343
CCNc1nc(Cl)nc(NC(C)C)n1,0.9680087624788284
NC(=S)Nc1ccccc1,0.21182054554224006
CCCC(=O)CCC,-0.08325570362806323
CC(=O)C(C)(C)C,-0.21015591845512394
Oc1ccc(Cl)cc1,0.5328639445424078
O=C1CCCCC1,-0.3335587072491646
Cc1cccc(N)c1,0.5954133780598639
CNc2cnn(c1cccc(c1)C(F)(F)F)c(=O)c2Cl,0.7603295240163802
CCCCCCCCC(=O)C,-0.05209833145737652
CCN(CC)c1nc(Cl)nc(NC(C)C)n1,1.0319972926855088
CCOC(=O)c1ccc(N)cc1,0.5678991373658179
Clc1ccc(Cl)c(Cl)c1,-0.02510195503234869
Cc3nnc4CN=C(c1ccccc1Cl)c2cc(Cl)ccc2n34,-0.23737794325947764
Oc1ccccc1O,0.953303968477249
CCN2c1ncccc1N(C)C(=O)c3cccnc23 ,0.25871720178723334
Cc1ccccc1Br,0.20268345810770982
CCOC(=O)N,0.4601659070491789
CC(=O)OC3(CCC4C2C=C(C)C1=CC(=O)CCC1(C)C2CCC34C)C(C)=O ,-0.27399787629246714
CC(C)C(O)C(C)C,0.05923164981007567
c1ccc2ccccc2c1,0.15676227906346318
CCNc1ccccc1,0.6336530998706816
O=C1NC(=O)C(N1)(c2ccccc2)c3ccccc3,0.4980982417702674
Cc1c2ccccc2c(C)c3ccc4ccccc4c13,0.5331552315831184
CCOP(=S)(OCC)SC(CCl)N1C(=O)c2ccccc2C1=O,1.005447940313816
COc1ccc(cc1)C(c2ccc(OC)cc2)C(Cl)(Cl)Cl,0.9870194526672361
Fc1cccc(F)c1C(=O)NC(=O)Nc2cc(Cl)c(F)c(Cl)c2F ,-0.2786907619267702
O=C1N(COC(=O)CCCC)C(=O)C(N1)(c2ccccc2)c3ccccc3,0.6330484811067579
CN(C)C(=O)Nc1ccc(Cl)cc1,0.4140600109040736
OC(Cn1cncn1)(c2ccc(F)cc2)c3ccccc3F,0.5415414994239806
CC(=O)OCC(=O)C3(O)C(CC4C2CCC1=CC(=O)C=CC1(C)C2(F)C(O)CC34C)OC(C)=O ,-0.23748169569075112
CCCCBr,0.08813260011076918
Brc1cc(Br)c(Br)cc1Br,-0.013709622269868937
CC(C)CC(=O)C,-0.12387764442265037
CCSC(=O)N(CC)C1CCCCC1 ,0.3485871800243854
COc1ccc(Cl)cc1,0.5967524067521094
CC1(C)C(C=C(Br)Br)C1C(=O)OC(C#N)c2cccc(Oc3ccccc3)c2,0.47562517411708816
CCC(C)C1(CC=C)C(=O)NC(=O)NC1=O,0.7119861545205116
COP(=S)(OC)Oc1ccc(N(=O)=O)c(C)c1,0.43250230743885043
Ic1cccc2ccccc12,0.2203163556396961
OCC(O)C(O)C(O)C(O)CO,0.18632265021800987
CN(C)C(=O)Oc1cc(C)nn1c2ccccc2,0.3666688973844051
NC(=O)c1ccccc1O,0.293960952168703
Cc1ccccc1N(=O)=O,0.12357791072130198
O=C1NC(=O)NC(=O)C1(C(C)C)C(C)C,0.7680641114115715
CCc1ccccc1C,0.545934335875511
CCCCCCCCl,0.07319745156168933
O=C1NC(=O)NC(=O)C1(CC)CC,0.6718400630593299
C(Cc1ccccc1)c2ccccc2,0.09873398700356484
CCN2c1cc(OC)cc(C)c1NC(=O)c3cccnc23 ,0.6551891446709631
Cc1ccc2c(ccc3ccccc32)c1,0.4313549931764603
CCCCOC(=O)c1ccccc1C(=O)OCCCC ,0.7217634665966034
COc1c(O)c(Cl)c(Cl)c(Cl)c1Cl ,1.3979912854671475
CCN(CC)C(=O)C(=CCOP(=O)(OC)OC)Cl,-0.008863879054784807
CC34CCC1C(=CCc2cc(O)ccc12)C3CCC4=O,0.10440002771615975
CCOC(=O)c1ccccc1S(=O)(=O)NN(C=O)c2nc(Cl)cc(OC)n2,-0.1730193905800581
COc1ccc(cc1)N(=O)=O,0.36294390335083004
CCCCCCCl,0.07619014105796806
Clc1cc(c(Cl)c(Cl)c1Cl)c2cc(Cl)c(Cl)c(Cl)c2Cl,0.025480869358777913
OCC1OC(CO)(OC2OC(COC3OC(CO)C(O)C(O)C3O)C(O)C(O)C2O)C(O)C1O,-0.011546890300512369
CCCCCCCCCCCCCCCCCCCCCCCCCC,-0.02995364288091662
CCN2c1ccccc1N(C)C(=O)c3cccnc23 ,0.3235984797120094
Nc1ccc(cc1)S(N)(=O)=O,0.21359755749106402
CCCN(CCC)c1c(cc(cc1N(=O)=O)C(C)C)N(=O)=O,1.034046209692955
ClC1C(Cl)C(Cl)C(Cl)C(Cl)C1Cl,-0.19991860940158368
CCOP(=S)(NC(C)C)Oc1ccccc1C(=O)OC(C)C,0.6303819414496422
Clc1cccc(Cl)c1Cl,-0.0787172236561775
O=N(=O)c1cc(Cl)c(Cl)cc1,-0.16716309063434603
OC1CCCCCCC1,-0.21907274483442307
CC1(O)CCC2C3CCC4=CC(=O)CCC4(C)C3CCC21C,-0.010055963838100479
CCOc1ccc(NC(N)=O)cc1,0.5990540945291519
C/C1CCC(\C)CC1,-0.13752290039062504
c1cnc2c(c1)ccc3ncccc23,-0.6290829770503565
COC(C)(C)C,0.04890303490161896
COc1ccc(C=CC)cc1,1.0021054462909698
CCCCCCCCCCCCCCCCO,0.08169332358241077
O=c1cc[nH]c(=O)[nH]1 ,0.5125933635950087
Nc1ncnc2nc[nH]c12 ,-0.07280262295603757
Clc1cc(Cl)c(cc1Cl)c2cccc(Cl)c2Cl ,0.09221594408154488
COc1ccc(cc1)C(O)(C2CC2)c3cncnc3 ,0.9939547345519065
c1ccc2c(c1)c3cccc4c3c2cc5ccccc54,0.3978563023388385
O=C(Nc1ccccc1)Nc2ccccc2,0.029071799522638275
CCC1(C(=O)NC(=O)NC1=O)c2ccccc2 ,0.7608413817286491
Clc1ccc(cc1)c2cccc(Cl)c2Cl ,0.13401668711900705
CC(C)c1ccc(NC(=O)N(C)C)cc1,0.7761480698704718
CCN(CC)C(=O)CSc1ccc(Cl)nn1,0.05897646403312684
CCC(C)(C)CO,0.06896821637749673
CCCOC(=O)CCC,0.3507588289439677
Cc1c(cc(cc1N(=O)=O)N(=O)=O)N(=O)=O,-0.7773908329814673
CC(C)OP(=S)(OC(C)C)SCCNS(=O)(=O)c1ccccc1,0.4839393632769583
C1CCCCCC1,-0.3254431060016155
CCCOC=O,0.2926235954046249
CC(C)c1ccccc1C,0.6567912233948706
Nc1cccc(Cl)c1,0.426976151382923
CC(C)CC(C)C,-0.043528646904230195
o1c2ccccc2c3ccccc13,-0.13813897495865823
CCOC2Oc1ccc(OS(C)(=O)=O)cc1C2(C)C,0.5376710476398466
CN(C)C(=O)Nc1cccc(c1)C(F)(F)F,0.6197320067167281
c3ccc2nc1ccccc1cc2c3,-0.6508761388594284
CC12CC(=O)C3C(CCC4=CC(=O)CCC34C)C2CCC1(O)C(=O)CO,-0.33750430291593075
OCC1OC(O)C(O)C(O)C1O,-0.08441354484558106
Cc1cccc(O)c1,0.8312036736488341
CC2Cc1ccccc1N2NC(=O)c3ccc(Cl)c(c3)S(N)(=O)=O ,0.1586482759594917
CCC(C)C(=O)OC2CC(C)C=C3C=CC(C)C(CCC1CC(O)CC(=O)O1)C23 ,0.19526728014349937
O=N(=O)c1ccc(cc1)N(=O)=O,-0.4809399492412806
CCC1(C(=O)NC(=O)NC1=O)C2=CCC3CCC2C3,0.29126376049518576
CCCCCCCCCC(=O)OCC,0.39462675635218625
CN(C)C(=O)Nc1ccccc1,0.39841813212633126
CCCOCC,0.0929443474531173
CC(C)O,0.0932796000123024
Cc1ccc2ccccc2c1,0.4289933636784552
CCC(C(CC)c1ccc(O)cc1)c2ccc(O)cc2,0.999323110127449
CCOC(=O)CC(SP(=S)(OC)OC)C(=O)OCC,0.0328462083220481
ClCc1ccccc1,0.20967651439905166
C/C=C/C=O,-0.08747942764163019
CON(C)C(=O)Nc1ccc(Br)c(Cl)c1,0.4928644873738287
Cc1c2ccccc2c(C)c3ccccc13,0.3316313514769077
CCCCCC(=O)OC,0.34060440418124194
CN(C)C(=O)Nc1ccc(c(Cl)c1)n2nc(oc2=O)C(C)(C)C,0.32277520989775654
CC(=O)Nc1ccc(F)cc1,0.3030299240112304
CCc1cccc(CC)c1N(COC)C(=O)CCl ,1.0558607853412627
C1CCC=CC1,-0.35515193818509583
CC12CC(O)C3C(CCC4=CC(=O)CCC34C)C2CCC1(O)C(=O)CO,-0.263398037481308
Clc1ccc(cc1)N(=O)=O,-0.07867462044954299
CCC(=O)OC,0.24356364988088608
Clc1ccccc1N(=O)=O,-0.11901549154222013
CCCCN(C)C(=O)Nc1ccc(Cl)c(Cl)c1,0.6847437569618223
CN1CC(O)N(C1=O)c2nnc(s2)C(C)(C)C,0.27664856945872296
O=N(=O)c1ccccc1,-0.10120403827428825
Ic1ccccc1,-0.1313988132834435
CC2Nc1cc(Cl)c(cc1C(=O)N2c3ccccc3C)S(N)(=O)=O ,0.26104954158067695
COc1ccccc1OCC(O)COC(N)=O,0.8385730376243591
CCCCOCN(C(=O)CCl)c1c(CC)cccc1CC ,1.1534392193555831
Oc1cccc(Cl)c1Cl,0.6673668502092361
CCCC(=O)OC,0.291893520104885
CCC(=O)Nc1ccc(Cl)c(Cl)c1,0.37607980949878683
Nc3nc(N)c2nc(c1ccccc1)c(N)nc2n3,-0.33934138043224815
CCCCCC(=O)OCC,0.3610552437543868
OCC(O)C2OC1OC(OC1C2O)C(Cl)(Cl)Cl ,0.009480578720569621
CN(C=Nc1ccc(C)cc1C)C=Nc2ccc(C)cc2C,0.962252871108055
COc1nc(NC(C)C)nc(NC(C)C)n1,1.0914064735651015
CCCCCCC=C,0.05671867985129353
Cc1ccc(N)cc1,0.6733418260931968
c1ccccc1(OC(=O)NC),0.15875949014425272
CCCC(O)CC,0.10303170931935302
c3ccc2c(O)c1ccccc1cc2c3 ,0.28870973541140554
Cc1ccc2cc3ccccc3cc2c1,0.2843424113452434
Cc1cccc(C)c1C,0.716645013320446
CNC(=O)Oc1ccc(N(C)C)c(C)c1,0.7312979156255722
CCCCCCCC(C)O,0.09667683420181272
CN(C(=O)NC(C)(C)c1ccccc1)c2ccccc2,0.33897359306216235
CCCC(=O)CC,-0.09621872001886367
Oc1c(Br)cc(C#N)cc1Br ,0.012905740302801116
Clc1ccc(cc1Cl)c2ccccc2 ,0.19258730313777916
CN(C(=O)COc1nc2ccccc2s1)c3ccccc3,0.038829605770111075
Oc1cccc2ncccc12 ,0.07447951084971427
CC1=C(SCCO1)C(=O)Nc2ccccc2,0.44710468035936357
CCOc2ccc1nc(sc1c2)S(N)(=O)=O ,-0.2650507694363594
Oc1c(Cl)c(Cl)c(Cl)c(Cl)c1Cl,0.7613981957316397
CCC1(CC)C(=O)NC(=O)N(C)C1=O ,0.732364729642868
CC(=O)OCC(=O)C3CCC4C2CCC1=CC(=O)CCC1(C)C2CCC34C ,-0.28818533237278465
NC(=O)NCc1ccccc1 ,0.3254823712170124
CN(C)C(=O)Nc1ccc(C)c(Cl)c1,0.5492894622445105
CON(C)C(=O)Nc1ccc(Cl)c(Cl)c1,0.5112824480652808
OC1CCCCCC1,-0.20984800501763823
CS(=O)(=O)c1ccc(cc1)C(O)C(CO)NC(=O)C(Cl)Cl ,0.17780355697274208
CCCC(C)C1(CC)C(=O)NC(=S)NC1=O ,0.7755056779146193
CC(=O)Nc1nnc(s1)S(N)(=O)=O ,-0.12392835957705972
Oc1ccc(cc1)N(=O)=O,0.11695181170105928
ClC1=C(Cl)C2(Cl)C3C4CC(C=C4)C3C1(Cl)C2(Cl)Cl,-0.3277925366163254
C1CCOC1,-0.4694230887919665
Nc1ccccc1N(=O)=O,0.09499227368831631
Clc1cccc(c1Cl)c2cccc(Cl)c2Cl,0.0453800964832306
CCCCC1C(=O)N(N(C1=O)c2ccccc2)c3ccccc3 ,0.8458610344290732
Cc1c(cccc1N(=O)=O)N(=O)=O,-0.21538360437154774
CC(=O)C1CCC2C3CCC4=CC(=O)CCC4(C)C3CCC12C,-0.30619605470895767
CCN(CC)c1nc(Cl)nc(n1)N(CC)CC,0.9239850361347198
ClC(Cl)C(Cl)(Cl)SN2C(=O)C1CC=CCC1C2=O ,0.5466933912634849
c1(Br)c(Br)cc(Br)cc1,0.0009201207339762929
OC3N=C(c1ccccc1)c2cc(Cl)ccc2NC3=O ,-0.2558199921011925
O=C1NC(=O)NC(=O)C1(C(C)CCC)CC=C,0.7445129597067831
c1(O)c(C)ccc(C(C)C)c1,1.260253632259369
Oc1ccc(c(O)c1)c3oc2cc(O)cc(O)c2c(=O)c3O ,-0.035711577719449994
ClC1(C(=O)C2(Cl)C3(Cl)C14Cl)C5(Cl)C2(Cl)C3(Cl)C(Cl)(Cl)C45Cl,-0.7884983806461096
CCN(CC)C(=S)SSC(=S)N(CC)CC,0.6180962417364119
C1CCCCC1,-0.325443167924881
ClC1=C(Cl)C(Cl)(C(=C1Cl)Cl)C2(Cl)C(=C(Cl)C(=C2Cl)Cl)Cl,-0.24226090235710146
CN(C)C=Nc1ccc(Cl)cc1C,0.990819188082218
CC34CCc1c(ccc2cc(O)ccc12)C3CCC4=O,0.511890658378601
CCCCCCCCO,0.09648790631890292
CCSCC,0.061641084069013585
CCC(C)(C)Cl,0.05884710633158674
Nc1ccc(cc1)N(=O)=O,0.1806660837650299
OCC1OC(OC2C(O)C(O)C(O)OC2CO)C(O)C(O)C1O,-0.044460282433033016
CCN2c1ncccc1N(CC)C(=O)c3cccnc23 ,0.32640304632782935
Clc1ccccc1,-0.13054922608137132
CCCCCCCC=C,0.06497193651795385
Brc1ccc(I)cc1,-0.10661291166543962
CCC(C)(O)CC,0.07490554291605944
CCCCCc1ccccc1,0.6909104472756386
NC(=O)NC1NC(=O)NC1=O ,0.2422526105046272
OCC(O)COC(=O)c1ccccc1Nc2ccnc3cc(Cl)ccc23,-0.03612572051882745
ClC(Cl)C(c1ccc(Cl)cc1)c2ccc(Cl)cc2,0.2632077531516551
CC(=O)OC3CCC4C2CCC1=CC(=O)CCC1(C)C2CCC34C ,-0.09641743177771567
Clc1cccc2ccccc12,0.22486028485894194
CCN2c1ccccc1N(C)C(=O)c3ccccc23 ,0.3493704474091529
CCCCC(C)O,0.11030168645381921
CCCC1CCCC1,-0.06799898756146439
CCOC(=O)c1cncn1C(C)c2ccccc2,0.12662453538179397
Oc1ccc(Cl)c(Cl)c1,0.6549040499567985
CC1(C)C(C=C(Cl)Cl)C1C(=O)OC(C#N)c2cccc(Oc3ccccc3)c2,0.4762175320744514
c2ccc1ocnc1c2,-0.2314447965413332
CCCCCO,0.11109956772923468
CCN(CC)c1ccccc1,0.8412323941826819
Fc1cccc(F)c1,0.0307263891756534
CC(C)(C)Cc1ccccc1,0.6909215934634209
O=C1NC(=O)NC(=O)C1(CC)c1ccccc1,0.7608415055751799
Clc1ccccc1I,-0.08429273255467418
c2ccc1[nH]nnc1c2,-0.5992857648862526
CNC(=O)Oc1cccc2CC(C)(C)Oc12,0.6191490610957145
Cc1cccc(C)c1O,0.9979235204815863
CC(C)C(C)O,0.08199755258560182
c1ccccc1C(O)c2ccccc2,0.27954236750006667
CCCCCCCCCC(=O)OC,0.3835533903300762
COP(=S)(OC)Oc1ccc(cc1Cl)N(=O)=O,0.2421402197778224
CC(C)CBr,0.06629375054240227
CN(C)C(=O)Oc1nc(nc(C)c1C)N(C)C,0.5257042527437209
CCCCCCBr,0.07950786577463143
CCCC(C)C,-0.03217681195735933
Cc1c(F)c(F)c(COC(=O)C2C(C=C(Cl)C(F)(F)F)C2(C)C)c(F)c1F,0.715323818528652
CCc1cccc(C)c1N(C(C)COC)C(=O)CCl ,1.0470702824234963
ON=Cc1ccc(o1)N(=O)=O ,-0.13755785607397558
CC(C)C(Nc1ccc(cc1Cl)C(F)(F)F)C(=O)OC(C#N)c2cccc(Oc3ccccc3)c2,0.38086338175535206
COP(=O)(OC)C(O)C(Cl)(Cl)Cl,-0.13336221426129347
CCOP(=S)(OCC)SCn1c(=O)oc2cc(Cl)ccc12,0.009461815971136045
OCc1ccccc1,0.4496523273468017
O=c2c(C3CCCc4ccccc43)c(O)c1ccccc1o2 ,0.34520499318838116
Oc1ccc(Br)cc1,0.5276653625607489
CC(C)Br,0.08806070719957348
CC(C)CC(C)(C)C,-0.05932421922683717
O=N(=O)c1cc(cc(c1)N(=O)=O)N(=O)=O,-0.9095576215356589
CN2C(=O)CN=C(c1ccccc1)c3cc(ccc23)N(=O)=O,-1.0075590224146842
CCC,-0.030006339579820684
Nc1cc(nc(N)n1=O)N2CCCCC2 ,1.1354555884480475
Nc2cccc3nc1ccccc1cc23 ,-0.4861962901487946
c1ccc2cc3c4cccc5cccc(c3cc2c1)c45,0.29271356990933417
OC(c1ccc(Cl)cc1)(c2ccc(Cl)cc2)C(Cl)(Cl)Cl,0.4811586371183395
C1Cc2cccc3cccc1c23,0.48590096848011
CCOP(=S)(OCC)SC(CCl)N2C(=O)c1ccccc1C2=O,1.0054480641603467
Brc1ccc(Br)cc1,-0.10638422904610634
Cn2c(=O)on(c1ccc(Cl)c(Cl)c1)c2=O,0.2366455826640128
Oc1ccc(cc1)c2ccccc2,0.5095375742912293
CC1=C(CCCO1)C(=O)Nc2ccccc2 ,0.5806888924598693
CCOC=C,0.42457637715339647
COc1ncnc2nccnc12 ,-0.034841184300184236
CCCCC(C)(O)CC,0.08933484030961991
Clc1ccc(Cl)cc1,-0.10748494605124004
O=C1N(COC(=O)C)C(=O)C(N1)(c2ccccc2)c3ccccc3,0.505333851492405
CSCS(=O)CC(CO)NC(=O)C=Cc1c(C)[nH]c(=O)[nH]c1=O,0.2053711755216121
Cc1c[nH]c2ccccc12 ,0.4556540540814399
COc2ncc1nccnc1n2,-0.060338770008087184
CNC(=O)Oc1ccccc1C2OCCO2,0.525668089556694
C1N(C(=O)NCC(C)C)C(=O)NC1,0.7528921682953834
CCOC(=O)NCCOc2ccc(Oc1ccccc1)cc2,0.6082951511263847
CC(=O)N(S(=O)c1ccc(N)cc1)c2onc(C)c2C ,0.08401129717826838
CCCCO,0.11516260086894026
CC1CCCCC1NC(=O)Nc2ccccc2,0.663632505762577
Clc1cc(Cl)cc(Cl)c1,0.05033197617530816
O=Cc1ccco1,-0.08149794981479652
CC(C)CCO,0.0932005240023136
O=Cc2ccc1OCOc1c2 ,0.12841461313962932
CC(=C)C,-0.07945726860165603
O=Cc1ccccc1,-0.09338734062910081
CC(=C)C(=C)C,0.059459527426958037
CCOC(=O)CCN(SN(C)C(=O)Oc1cccc2CC(C)(C)Oc21)C(C)C,0.9938821604847906
O2c1ccccc1N(C)C(=O)c3cccnc23 ,0.1824904670119285
C1c2ccccc2c3ccccc13,0.15841724025607107
CC1CCCCC1,-0.1686179467946291
NC(=N)NS(=O)(=O)c1ccc(N)cc1 ,0.30898886176943774
COC(=O)c1ccc(O)cc1,0.4220617971897124
CC1CCCO1,-0.31124342007637024
CC3C2CCC1(C)C=CC(=O)C(=C1C2OC3=O)C,-0.0518079732656479
OCC2OC(Oc1ccccc1CO)C(O)C(O)C2O,1.177892716884613
CCCI,0.08661238394379611
CCNc1nc(NC(C)C)nc(SC)n1,1.0044037902116774
CCCO,0.120633273679018
CC(=O)C1(O)CCC2C3CCC4=CC(=O)CCC4(C)C3CCC21C,-0.28494776732325555
CCCC(C)O,0.11305640484094615
OC(C(=O)c1ccccc1)c2ccccc2,0.10159366532564162
Cc1ccc(O)c(C)c1,1.00694115793705
Clc1cccc(c1)N(=O)=O,-0.13792109794914725
Cc2c(N)c(=O)n(c1ccccc1)n2C,0.5696571388721466
Clc1ccc(c(Cl)c1)c2cc(Cl)ccc2Cl ,0.13465963638424872
CCNc1nc(NC(C)(C)C)nc(SC)n1,1.019862314200401
CCC(C)CCO,0.09915834714174265
Cc2ncc1nccnc1n2,-0.12512933034896856
CC23Cc1cnoc1C=C2CCC4C3CCC5(C)C4CCC5(O)C#C,0.57496334348917
CCCCI,0.07882485215663904
Brc1ccc2ccccc2c1,0.20926850200295444
CC1OC(CC(O)C1O)OC2C(O)CC(OC2C)OC8C(O)CC(OC7CCC3(C)C(CCC4C3CC(O)C5(C)C(CCC45O)C6=CC(=O)OC6)C7)OC8C ,0.389113480335474
FC(F)(F)c1ccccc1,0.7171442386865615
CCCCCCOC(=O)c1ccccc1C(=O)OCCCCCC,0.8491092812418938
c1ccc2c(c1)sc3ccccc23,-0.06422408337593077
Clc1ccc(c(Cl)c1)c2ccc(Cl)c(Cl)c2Cl ,0.1352393619954586
Clc1ccc(c(Cl)c1Cl)c2ccc(Cl)c(Cl)c2Cl ,0.08458823624253264
CC(=O)CC(c1ccccc1)c3c(O)c2ccccc2oc3=O ,-0.08059814284443856
c1ccccc1C(O)C(O)c2ccccc2,0.4390752143740654
COC(=O)c1ccccc1C(=O)OC,0.14258414243459694
CCCCCCCC(=O)OCC,0.38193087692856775
CCSSCC,0.1828833701312541
CCOCCOCC,0.12333975384235374
Clc1cc(Cl)c(Cl)cc1Cl,-0.047362625885009835
Nc1ccc(cc1)c2ccc(N)cc2,0.33747226349115367
CCCCCC=C,0.04577634345889092
CCCCc1c(C)nc(NCC)[nH]c1=O,1.6553114335298535
O=C1NC(=O)NC(=O)C1(CC)C(C)CCC,0.7947867250800132
Nc1ccccc1Cl,0.34700442135930054
COc1cccc(Cl)c1,0.706359311234951
CCCCN(CC)C(=O)SCCC,0.47290005505084987
CCCCOC=O,0.3551155022084712
CC12CC(O)C3C(CCC4=CC(=O)C=CC34C)C2CCC1(O)C(=O)CO,-0.2528998766720295
CC34CC(=O)C1C(CCC2=CC(=O)CCC12C)C3CCC4(=O) ,-0.3703355693176389
c1ccc(cc1)c2ccc(cc2)c3ccccc3,0.08286627407670022
Oc1ccc(C=O)cc1,0.2589674337029456
Cc1cc(ccc1NS(=O)(=O)C(F)(F)F)S(=O)(=O)c2ccccc2,0.2829820810496807
CC(=O)CC(c1ccc(Cl)cc1)c2c(O)c3ccccc3oc2=O,-0.13759052059650423
CCc1ccc2ccccc2c1,0.5511476555943488
Nc1c(C)c[nH]c(=O)n1 ,0.8403415660858152
Clc2c(Cl)c(Cl)c(c1ccccc1)c(Cl)c2Cl ,-0.04228405119180678
c1c(NC(=O)c2ccccc2(I))cccc1,-0.0969967858493328
Cc3cc2nc1c(=O)[nH]c(=O)nc1n(CC(O)C(O)C(O)CO)c2cc3C,0.40614169718027104
Fc1ccccc1Br,0.005897512811422256
Oc1ccc(Cl)cc1Cl,0.6732537712097167
CC1(C)C(C=C(Cl)Cl)C1C(=O)OCc2cccc(Oc3ccccc3)c2,0.7399525588989256
CN2C(=C(O)c1ccccc1S2(=O)=O)C(=O)Nc3ccccn3 ,-0.021609978246688866
O=C1N(COC(=O)CC)C(=O)C(N1)(c2ccccc2)c3ccccc3,0.5368563851594924
C1CCCC1,-0.325443167924881
Cc1ccccc1N,0.6262157441496848
c1(OC)ccc(CC=C)cc1,0.9346015323042868
CN(C)C(=O)Nc1cccc(OC(=O)NC(C)(C)C)c1 ,0.6992064309954643
CC(C)C=C,-0.004966800266504312
Oc1ccccn1,0.534798922741413
Clc1ccccc1Cl,-0.09265943264365195
Sc2nc1ccccc1s2 ,-0.019288227331638375
Clc1c(Cl)c(Cl)c(c(Cl)c1Cl)c2c(Cl)c(Cl)c(Cl)c(Cl)c2Cl ,-0.1863715946942568
COc2c1occc1cc3ccc(=O)oc23 ,-0.11297667277157308
Cc1cccc2ccccc12,0.4041625676929951
CCN(CC)C(=O)C(C)Oc1cccc2ccccc12 ,0.6337031338691711
CC(O)C(C)(C)C,0.054258158898353503
CCCC(=O)OCC,0.329460074096918
CC2=CC(=O)c1ccccc1C2=O ,-0.5910203190118074
c1ccc2c(c1)ccc3ccccc32,0.20491715413928024
Cc1ccnc(C)c1,0.8840092336535453
CCCCCCCCCO,0.09351224572062489
CC1CC2C3CCC4=CC(=O)C=CC4(C)C3(F)C(O)CC2(C)C1(O)C(=O)CO,-0.18559780156910421
Cc1ccc2cc(C)ccc2c1,0.5945540069818497
CCSC(=O)N(CC(C)C)CC(C)C,0.462255569565296
O=N(=O)OCC(CON(=O)=O)ON(=O)=O ,-0.5161307320095598
Nc1cccc(c1)N(=O)=O,0.1078516305327415
CCCCCl,0.08465294605493545
ClC(Cl)(Cl)C(NC=O)N1C=CN(C=C1)C(NC=O)C(Cl)(Cl)Cl ,0.6528327167272566
Cn2cc(c1ccccc1)c(=O)c(c2)c3cccc(c3)C(F)(F)F,-0.03203445037007335
Nc3cc2c1ccccc1ccc2c4ccccc34 ,0.41659261053800567
CC12CCC3C(CCc4cc(O)ccc34)C2CCC1=O,0.45779461752176276
CCN2c1ccccc1N(C)C(=S)c3cccnc23 ,0.3068445829331874
O=C3CN=C(c1ccccc1)c2cc(ccc2N3)N(=O)=O,-1.1383849245786668
CCNC(=S)NCC,0.6208181407928467
Oc1cc(Cl)cc(Cl)c1Cl,0.7475839821338653
CCCCC(=O)OC,0.3201705935060978
Nc1ccccc1,0.26533178308010097
Cc1cccc2c(C)cccc12,0.5649834184885024
NS(=O)(=O)c2cc1c(NCNS1(=O)=O)cc2Cl ,-0.32730547917187214
C1=Cc2cccc3cccc1c23,0.12700561115741726
CCCCCOC(=O)CC,0.36818372622728346
CCNc1nc(NC(C)C)nc(OC)n1,1.0656463951349258
c1ccc2c(c1)cc3ccc4cccc5ccc2c3c45,0.18736958686709404
CCC#CCC,0.0042193923175334325
CC1OC(CC(O)C1O)OC2C(O)CC(OC2C)OC8C(O)CC(OC7CCC3(C)C(CCC4C3CCC5(C)C(CCC45O)C6=CC(=O)OC6)C7)OC8C ,0.37607188332080843
CCC(=C)C,-0.016200671392679222
Oc1cccc2cccnc12 ,0.19198633784651753
C1CCc2ccccc2C1,0.32898623726963994
Oc1ccc(cc1)C2(OC(=O)c3ccccc23)c4ccc(O)cc4 ,0.44427292943000796
Brc1cc(Br)cc(Br)c1,0.059230101728439344
COP(=S)(OC)Oc1cc(Cl)c(Cl)cc1Cl,0.4864309077858925
Cc1cc(=O)[nH]c(=S)[nH]1,1.0098738437891006
COc1cc(CC=C)ccc1O,1.3903015305161475
O=C1NC(=O)NC(=O)C1(C(C)C)CC=C,0.6646982051610947
c1cc2ccc3cccc4ccc(c1)c2c34,-0.044247080630063995
CCOC(C)OCC,0.18516096975803376
CC1(C)CON(Cc2ccccc2Cl)C1=O,0.4710806256651877
CCCCOCCO,0.16565229266881942
Clc1c(Cl)c(Cl)c(N(=O)=O)c(Cl)c1Cl,-0.5529948207378388
CC12CCC(O)CC1CCC3C2CCC4(C)C3CCC4=O,-0.3656411510825157
FC(F)(F)c1cccc(c1)N2CC(CCl)C(Cl)C2=O,1.1152445776820183
c1ccc2ncccc2c1,-0.21969563096165662
COC(=O)c1cc(O)c(O)c(O)c1 ,0.47127184470891936
OC(Cn1cncn1)(Cn2cncn2)c3ccc(F)cc3F ,0.5146533029437065
Clc2ccc1oc(=O)[nH]c1c2,-0.28982995238006115
Clc1ccc(c(Cl)c1)c2c(Cl)c(Cl)c(Cl)c(Cl)c2Cl,0.019537412416934963
O=C1NC(=O)C(=O)C(=O)N1 ,-0.76271391993016
ClCCCCl,0.11148491621017453
Fc1cccc(Br)c1,0.04775460602045056
Clc1ccc(Br)cc1,-0.10805940818488602
CC(C)C(C)C,-0.05252677853107457
CCC=C,-0.018141532301902852
Clc1ccc(Cl)c(c1)c2cc(Cl)c(Cl)c(Cl)c2Cl,0.04814658029079433
Nc1cc[nH]c(=O)n1 ,0.4327507435798644
ClC(Cl)C(c1ccc(Cl)cc1)c2ccccc2Cl ,0.29947354702949514
COc1ccccc1N(=O)=O,0.2998421143054961
CC34CCC1C(CC=C2CC(O)CCC12C)C3CCC4=O,-0.37517575491964816
CC12CC2(C)C(=O)N(C1=O)c3cc(Cl)cc(Cl)c3,0.8032822255611419
c1cc2ccc3ccc4ccc5cccc6c(c1)c2c3c4c56,0.06307262611985198
CCC(C)c1cc(cc(N(=O)=O)c1O)N(=O)=O ,0.49391829750537874
c1c(OC)c(OC)C2C(=O)OCC2c1,0.46416119613647455
OCC(O)CO,0.136936926394701
COc1ccccc1O ,0.9921091735482216
CCOP(=S)(OCC)Oc1nc(Cl)c(Cl)cc1Cl ,0.6901975866436957
Cc1c2ccccc2cc3ccccc13,0.20243074926137916
Cc1cc(=O)n(c2ccccc2)n1C,0.9857554749727248
CCCCOC,0.09798942165970803
Cc2cnc1cncnc1n2,-0.18296389547288422
CCNc1nc(Cl)nc(NCC)n1 ,0.9510430262088775
CN(C)C(=O)C,0.2860942824482917
CSc1nc(nc(n1)N(C)C)N(C)C,0.8447059178352355
CC(C)(C)CCO,0.061351283186674044
O=C1NC(=O)NC(=O)C1(CC)CC=C,0.6139265767335892
Oc1ccc(Cl)c(Cl)c1Cl,0.7022442625522612
COc1ccccc1,0.5701959951281547
c1ccc(Cl)cc1C(c2ccc(Cl)cc2)(O)C(=O)OC(C)C,0.24622319220900535
CC13CCC(=O)C=C1CCC4C2CCC(C(=O)CO)C2(CC(O)C34)C=O ,-0.3417392350405455
COc2ccc(Oc1ccc(NC(=O)N(C)C)cc1)cc2,0.6230995177388191
CCc1ccc(C)cc1,0.5349419654846191
CC(C)SC(C)C,0.02950390006899828
O=N(=O)c1cccc(c1)N(=O)=O,-0.549024680236727
CCOP(=S)(OCC)SCSP(=S)(OCC)OCC,-0.06103862675428395
CCC1(C(C)C)C(=O)NC(=O)NC1=O ,0.7268093458056449
CC(=O)OCC(=O)C3(O)CCC4C2CCC1=CC(=O)CCC1(C)C2C(=O)CC34C ,-0.3398802366882563
Cc1ncc(N(=O)=O)n1CCO,0.2436513951480388
Nc1ccc(Cl)cc1,0.3303180828630924
CCCC(C)(C)CO,0.0738110491991043
COCCCNc1nc(NC(C)C)nc(SC)n1,1.0614601346969605
CN(C)C(=O)NC1CC2CC1C3CCCC23,0.16028521748185154
CC(C)(C)c1ccccc1,0.57744758105278
CC(=O)CCC1C(=O)N(N(C1=O)c2ccccc2)c3ccccc3,0.4547069996595382
CC(=O)OCC(=O)C3(O)CCC4C2CCC1=CC(=O)C=CC1(C)C2C(O)CC34C ,-0.2791604808568955
CCCOC,0.09692867612242695
CC(C)OC(=O)C,0.2953337909638881
Brc1ccccc1,-0.12302907895445825
CCOC(=O)c1ccc(O)cc1,0.5348191097259521
O=C1N(COC(=O)CCC)C(=O)C(N1)(c2ccccc2)c3ccccc3,0.5829710124850273
CCC(=O)OC3CCC4C2CCC1=CC(=O)CCC1(C)C2CCC34C ,-0.09460778626799582
c1cc2ccc3ccc4ccc5ccc6ccc1c7c2c3c4c5c67,-0.08109811128973965
O=c1[nH]cnc2[nH]ncc12 ,-0.12116484808623795
CN(C)C(=O)C(c1ccccc1)c2ccccc2 ,0.114379085791111
CCN2c1cc(N(C)C)cc(C)c1NC(=O)c3cccnc23 ,0.6861796336412428
O=C1NC(=O)c2ccccc12 ,0.5370924366474151
OC(c1ccc(Cl)cc1)(c2cncnc2)c3ccccc3Cl,0.4701626751780509
COC(=O)c1ccccc1,0.10636491485238075
Cn1ccc(=O)[nH]c1=O,0.9639405277848242
CCCCC1C(=O)N(N(C1=O)c2ccc(O)cc2)c3ccccc3 ,1.0632764679193496
Clc1ccc(Cl)c(c1)c2cccc(Cl)c2Cl ,0.08088355304002759
CCC2NC(=O)c1cc(c(Cl)cc1N2)S(N)(=O)=O,0.32103516613841054
CN(C)C(=O)Nc1ccc(Cl)c(Cl)c1,0.38464683135151867
C1CC=CC1,-0.3845469742208719
C1(=O)NC(=O)NC(=O)C1(O)C2(O)C(=O)NC(=O)NC2(=O),0.16148293728232377
CCCCCCCCC,-0.029215827172994646
Oc1ccccc1Cl,0.6212909868478774
c1cccc2c3c(C)cc4ccccc4c3ccc12,0.40880353066921227
CCOc1ccccc1,0.6842364815711973
CCOC(=O)C=Cc1ccccc1,0.17453388471007347
Cc1[nH]c(=O)n(c(=O)c1Cl)C(C)(C)C,1.201909407699108
Clc1ccccc1C2=NCC(=O)Nc3ccc(cc23)N(=O)=O,-1.194716519165039
Cc1ccc(cc1)S(=O)(=O)N,0.14675659398436547
CC(OC(=O)Nc1cccc(Cl)c1)C#C,0.39418635808825486
CCCCCC(C)C,-0.029560368221998257
CC1(C)C(C=C(Cl)C(F)(F)F)C1C(=O)OC(C#N)c2cccc(Oc3ccccc3)c2,0.5048172876119613
CCCC1C(=O)N3N(C1=O)c2cc(C)ccc2N=C3N(C)C ,0.05500136193037031
CN2C(=O)CN=C(c1ccccc1)c3cc(Cl)ccc23,-0.4062775509595871
CCC(O)C(C)C,0.08302009146809575
CCOP(=S)(OCC)Oc1ccc(cc1)S(C)=O ,0.5011428848862648
CC1(C)C2CCC1(C)C(O)C2,-0.17815945507586006
CC12CCC3C(CCC4=CC(=O)CCC34C)C2CCC1O,-0.02133869242072106
CCCCCCC,-0.0288429252684117
Oc1cccc2ccccc12,0.4730440885663031
C/C1CCCCC1\C,-0.12063171973228459
COc2cc1c(N)nc(nc1c(OC)c2OC)N3CCN(CC3)C(=O)OCC(C)(C)O ,0.33085508142113684
C1Cc2c3c1cccc3cc4c2ccc5ccccc54,0.5363901029706001
CC(=O)C3(C)CCC4C2C=C(C)C1=CC(=O)CCC1(C)C2CCC34C,-0.3080661373257637
CCCCCC(=O)C,-0.08631960487961776
COP(=O)(NC(C)=O)SC ,0.052159393662214226
CCCCSP(=O)(SCCCC)SCCCC,0.03147863300442688
c1cC2C(=O)NC(=O)C2cc1,-0.07765065733194354
NS(=O)(=O)c2cc1c(NC(NS1(=O)=O)C(Cl)Cl)cc2Cl ,-0.25517571148574353
CC=C(C)C,-0.04457824625372886
Cc1ccc(C)c(C)c1,0.5312172810673713
Oc1cc(Cl)c(Cl)cc1Cl,0.6963646484971046
c1ccc2c(c1)cnc3ccccc23 ,-0.36925731497704983
CCCC(C)(O)CC,0.0895799325942993
CCCCCCCC,-0.02903439200520519
c1ccc2cc3ccccc3cc2c1,0.06583669492006294
NNc1ccccc1,0.4529394619703292
C1CCCCCCC1,-0.325443167924881
O=C1NC(=O)NC(=O)C1(CC=C)CC=C,0.5554902103543281
Sc1nccc(=O)[nH]1 ,0.4740067476511002
Clc1ccc(CN(C2CCCC2)C(=O)Nc3ccccc3)cc1,0.42893020194768894
CC1=CCCCC1,-0.17952322211265564
CCCCC(CC)C=O,-0.06768701815009126
COc2c1occc1c(OC)c3c(=O)cc(C)oc23 ,-0.0650850644588471
O=C1NC(=O)NC(=O)C1(CC)CCC(C)C,0.7835606562852858
c1ccc2c3c(ccc2c1)c4cccc5cccc3c45,0.2695525967001915
CCC(CC)C=O,-0.10849621489942074
CCCOCCC,0.07806870716214176
CCCCCCCCCCCCCCO,0.08402708761096
Oc1c(Cl)ccc(Cl)c1Cl,0.7122893308281898
CCCC#C,0.011043521940708123
Brc1cccc(Br)c1,-0.039184048676490835
CCCCCCCCCCCCCCCCCCO,0.07984355179667468
CC(=O)Nc1ccccc1,0.30050382632017125
c1cc(O)c(O)c2OCC3(O)CC4=CC(=O)C(O)=CC4=C3c21,0.07186411980986596
c1nccc(C(=O)NN)c1,-0.09664617632031447
OC1C=CC2C1C3(Cl)C(=C(Cl)C2(Cl)C3(Cl)Cl)Cl ,-0.24050717355608942
CC(C)CCOC=O,0.37708011792898166
CC(=O)c1ccccc1,0.01787037618756293
c2ccc1nc(ccc1c2)c4ccc3ccccc3n4 ,-0.4522697559893131
CCOP(=O)(OCC)OCC,0.01666200558543196
CC2(C)C1CCC(C)(C1)C2=O,-0.40099435083568097
COc2cnc1cncnc1n2,-0.08925445804595955
ClC2=C(Cl)C3(Cl)C1C=CCC1C2(Cl)C3(Cl)Cl ,-0.3223177149474621
CC(C)N(=O)=O,0.4958099294185637
c1ccc2c(c1)[nH]c3ccccc32,0.0009339915454387171
OCC(O)C(O)CO,0.15836485317349425
CCCOC(=O)c1ccc(N)cc1,0.6608554949998854
CNC(=O)C=C(C)OP(=O)(OC)OC,0.10304124550223348
O=C1CCC(=O)N1,0.2885148009717464
CCC(C)C(C)C,-0.03292230615019798
CCCCc1c(C)nc(NCC)nc1OS(=O)(=O)N(C)C ,0.42117790449857695
CCN2c1ncccc1N(C)C(=S)c3cccnc23 ,0.22408203325867648
O2c1ccccc1N(CC)C(=O)c3ccccc23 ,0.10608143014311788
C1CCOCC1,-0.4589680110946298
CCCCCC#C,0.03882688114643096
c1cc2ccc(OC)c(CC=C(C)(C))c2oc1=O ,0.7965795274615287
c1cc(C)cc2c1c3cc4cccc5CCc(c45)c3cc2,0.6318898968100547
CCOC(=O)c1ccccc1,0.26395764389634124
ClCC(C)C,0.06167204570174212
CC34CCC1C(CCc2cc(O)ccc12)C3CCC4(O)C#C ,0.9532011758565903
CCCCCCCCCCCC(=O)OC,0.39353981727361675
CCCSCCC,0.04250914812684059
c1ccc2cc3cc4ccccc4cc3cc2c1,0.12001193563342094
CCCCCBr,0.08275283065438266
CCCC/C=C/C,-0.06089304515719418
Cc1ncc(N(=O)=O)n1CCO ,0.24365151899456972
CCCCCC1CCCC1,-0.024977984654903418
Clc1ccc(Cl)c(c1)c2c(Cl)c(Cl)cc(Cl)c2Cl ,0.025473748183250433
O=C1NC(=O)NC(=O)C1(CC)C(C)C,0.7268093458056449
CON(C)C(=O)Nc1ccc(Cl)cc1,0.5494441465616225
O=C2NC(=O)C1(CCCCC1)C(=O)N2,0.04955948343873018
CN(C)C(=O)OC1=CC(=O)CC(C)(C)C1 ,0.5435519001603125
Cc1ccc(Br)cc1,0.2213458299279213
CCOCC,0.08544835039973253
CC(C)NC(=O)N1CC(=O)N(C1=O)c2cc(Cl)cc(Cl)c2,0.7972548625946044
CCCCN(CC)c1c(cc(cc1N(=O)=O)C(F)(F)F)N(=O)=O,0.8506112919688223
Cc1cc(C)c(O)c(C)c1,1.1634671968102452
c1ccccc1,-0.3372053993135691
Clc1ccc(I)cc1,-0.11087304655909547
COc1ccc(NC(=O)N(C)C)cc1Cl,0.6754952695727346
CC(C)N(C(=O)CCl)c1ccccc1 ,0.5785267797231674
C=Cc1ccccc1,0.33377897416949265
COCOC,0.14057411323785773
Cc1ccccc1C,0.3987529512226581
CCC(C)O,0.11094333533048628
Oc1ccc(O)cc1,0.7455564905762672
CC34CCC1C(CCc2cc(O)ccc12)C3CC(O)C4O ,1.088859074270725
C1c2ccccc2c3cc4ccccc4cc13,0.33074070914983744
O=C1CNC(=O)N1 ,0.38013138683438286
c1(O)cc(O)ccc1CCCCCC,1.5022296905279156
C=CCS(=O)SCC=C,-0.18276143735647205
CCOP(=S)(OCC)Oc2ccc1oc(=O)c(Cl)c(C)c1c2,-0.008736440974474013
Cc1c(C)c2c3ccccc3ccc2c4ccccc14,0.5150519649267197
CCCCC(=O)OC3(C(C)CC4C2CCC1=CC(=O)C=CC1(C)C2(F)C(O)CC34C)C(=O)CO,-0.16267117695808414
O=c2[nH]c(=O)c1[nH]c(=O)[nH]c1[nH]2 ,-0.024697596108913422
Oc1c(Cl)cc(Cl)c(Cl)c1Cl,0.7858422809243201
Clc1cccc(Cl)c1,-0.04769156227111815
Clc1ccc(cc1)C(c2ccc(Cl)cc2)C(Cl)(Cl)Cl,0.3477740656256675
CC(C)COC=O,0.34350346570014945
c1ccccc1SC,0.22206525442600245
CCN2c1nc(C)cc(C(F)(F)F)c1NC(=O)c3cccnc23 ,0.6323898652553558
CCCCCC,-0.0293796142101288
COC(=O)c1cccnc1 ,-0.11952224058508876
NS(=O)(=O)c3cc2c(NC(Cc1ccccc1)NS2(=O)=O)cc3C(F)(F)F,0.221870134216547
Clc1ccc(cc1Cl)c2cc(Cl)c(Cl)c(Cl)c2Cl ,0.10108985763788214
CC1(OC(=O)N(C1=O)c2cc(Cl)cc(Cl)c2)C=C,0.8200869613409042
CCNc1nc(Cl)nc(NC(C)(C)C#N)n1,0.7553121295094488
c1ccc2c(c1)c3ccccc3c4ccccc24,0.1613909193098545
CC=C(C(=CC)c1ccc(O)cc1)c2ccc(O)cc2,0.5705529208302497
CCCCC(CC)COC(=O)c1ccccc1C(=O)OCC(CC)CCCC,0.9228586519360541
CCc1ccccn1,0.7492399340987205
COP(=O)(OC)OC(Br)C(Cl)(Cl)Br,-0.0986752778828145
c1ccc(cc1)c2ccccc2,0.05979985769391061
Clc1cc(Cl)c(c(Cl)c1)c2c(Cl)cc(Cl)cc2Cl ,0.034802550047635994
CN(C)c1nc(nc(n1)N(C)C)N(C)C,0.9449970862627027
CC(C)CC(C)(C)O,0.07894572637081143
O=C2NC(=O)C1(CCCCCC1)C(=O)N2 ,0.07072590826749803
OCC1OC(O)(CO)C(O)C1O,-0.0490030970335007
Cc1cc(C)cc(O)c1,0.9348922001123426
ClCC#CCOC(=O)Nc1cccc(Cl)c1,0.4134321709156036
CC(=O)Nc1ccc(Cl)cc1,0.31430720334649076
Clc1ccc(Cl)c(c1)c2c(Cl)c(Cl)c(Cl)c(Cl)c2Cl,-0.03254104460477836
CCC(C)(C)C,-0.04520100853443154
CNc1ccccc1,0.4457184661388397
C=CCC=C,-0.12662638721466069
CC(=O)OCC(=O)C1(O)CCC2C3CCC4=CC(=O)CCC4(C)C3C(O)CC21C,-0.2653449359089136
Cc1cc(cc(N(=O)=O)c1O)N(=O)=O,-0.1558336719095707
OC3N=C(c1ccccc1Cl)c2cc(Cl)ccc2NC3=O,-0.37719217769354585
Oc1cccc(Cl)c1,0.6353837312936782
Clc1cccc(Br)c1,-0.03905908752679832
NS(=O)(=O)c2cc1c(N=CNS1(=O)=O)cc2Cl ,-1.4551357408940793
O=C1NC(=O)NC(=O)C1(C)CC,0.6121533421039581
OCCOc1ccccc1,0.8856793041229246
C(c1ccccc1)c2ccccc2,0.038473732763528834
CCCCCC(O)CC,0.09707339079380028
CCN(Cc1c(F)cccc1Cl)c2c(cc(cc2N(=O)=O)C(F)(F)F)N(=O)=O,0.46772240313291535
CC(C)Nc1nc(Cl)nc(NC(C)C)n1,0.981075562262535
CCCC(C)CO,0.09594694467186926
CCCCC(C)(C)O,0.0875300248146057
CCc1ccccc1,0.33708183730244634
O=C1NC(=O)NC(=O)C1(CC)CC=C(C)C,0.7260156133890151
ClC1C=CC2C1C3(Cl)C(=C(Cl)C2(Cl)C3(Cl)Cl)Cl,-0.3221621017813683
CCC(C)C1(CC(Br)=C)C(=O)NC(=O)NC1=O ,0.7068407027006148
CC1(C)C(C(=O)OC(C#N)c2cccc(Oc3ccccc3)c2)C1(C)C,0.47423747373819347
COC(C)(C)CCCC(C)CC=CC(C)=CC(=O)OC(C)C,0.2491813904464244
CCOC(=O)CC,0.3015040109038353
CSc1nc(NC(C)C)nc(NC(C)C)n1,1.0306228438854217
CC(C#C)N(C)C(=O)Nc1ccc(Cl)cc1,0.5572306256532668
Cc1cc2ccccc2cc1C,0.505143003988266
Clc1ccc(cc1)c2cc(Cl)ccc2Cl ,0.18886206141114226
Clc1ccc(c(Cl)c1)c2cc(Cl)c(Cl)c(Cl)c2Cl ,0.09449732102751729
Clc1cccc(Cl)c1c2ccccc2 ,0.10800922524333001
COc1ccc(C=O)cc1,0.41782327351570114
CC(=O)Nc1ccc(cc1)N(=O)=O,0.11464021620154374
CCCCCCC(=O)OCC,0.37235735431909556
CC(=O)Nc1ccc(O)cc1,0.48357822679281226
c2ccc1[nH]ncc1c2 ,0.10868982385396952
CC5(C)OC4CC3C2CCC1=CC(=O)C=CC1(C)C2(F)C(O)CC3(C)C4(O5)C(=O)CO ,-0.26439735513925555
Nc2nc1[nH]cnc1c(=O)[nH]2 ,-0.08007433394193653
COC(=O)C,0.13579716677069664
CC34CCC1C(CCC2CC(=O)CCC12C)C3CCC4O ,-0.2613172299921513
CCCC(O)C=C,0.11549872035384179
OC(C1=CC2C5C(C1C2=C(c3ccccc3)c4ccccn4)C(=O)NC5=O)(c6ccccc6)c7ccccn7 ,0.37384890001416204
CCCCOCCCC,0.07463945864439003
CCCCCCCCCCCCO,0.08696113577485076
CCN2c1nc(N(C)(CCO))ccc1NC(=O)c3cccnc23 ,0.5787531711816788
CCCC(C)(C)O,0.08875127545595163
Nc1nc(=O)[nH]cc1F,0.6255692652583121
CCCCOc1ccc(C(=O)OCC)c(c1)N(CC)CC ,1.08748759778738
CCCCCC(C)(C)O,0.08260266673564909
Cc1c(C)c(C)c(C)c(C)c1C,0.782177414381504
CC(C)c1ccc(C)cc1O,1.2269360669732094
c2cnc1ncncc1n2,-0.21386818725764756
CCOP(=S)(OCC)Oc1ccc(cc1)N(=O)=O,0.5013321223855017
c2ccc1NCCc1c2 ,0.4430625772833824
O=N(=O)c1cccc2ccccc12,-0.4965101286180318
CCC(C)C(=O)C,-0.11374294221997261
Nc1nc(O)nc2nc[nH]c12 ,0.006331532979011456
OC(CC(c1ccccc1)c3c(O)c2ccccc2oc3=O)c4ccc(cc4)c5ccc(Br)cc5 ,0.10161304730772969
CC(C)N(C(C)C)C(=O)SCC(Cl)=C(Cl)Cl,0.43753889815807334
C=CCCC=C,-0.08467145524621011
c2ccc1[nH]ccc1c2,0.1121782090902328
CC34CCC1C(CCC2=CC(=O)CCC12C)C3CCC4=O,-0.30743123808503153
CCCCC=C,0.029004798549413624
Cc1cccc(C)c1NC(=O)c2cc(c(Cl)cc2O)S(N)(=O)=O,0.21514495797157285
CCC1CCCCC1,-0.11423052601218231
CCCCCCCC(=O)C,-0.06082579649090769
COC(=O)Nc2nc1ccc(cc1[nH]2)C(=O)c3ccccc3,-0.37726647013127806
CC(C)OC(=O)Nc1cccc(Cl)c1,0.4563906932473182
CCN2c1nc(Cl)ccc1N(C)C(=O)c3cccnc23 ,0.39047281985878934
CNC(=O)Oc1cccc2ccccc12,-0.0807729522228241
Cc1cncc(C)c1,0.9470235870480536
C1C=CCC=C1,-0.4989134866565466
CCOC(=O)N(C)C(=O)CSP(=S)(OCC)OCC,0.07997068026065823
CC(O)c1ccccc1,0.5537048387646674
CC(Cl)CCl,0.1504872849583625
CCCC=C(CC)C=O,0.05802526075243941
CCOP(=S)(OCC)SCCSCC,0.03034748071432114
CC(=O)OC3(C)CCC4C2CCC1=CC(=O)CCC1(C)C2CCC34C ,-0.07020958621501927
Clc1ccc(cc1)c2c(Cl)cccc2Cl ,0.12198338663578023
Fc1cccc(F)c1C(=O)NC(=O)Nc2ccc(Cl)cc2,-0.17258394617736345
Oc1cc(Cl)ccc1Oc2ccc(Cl)cc2Cl,0.7706744247436522
c1(C(=O)OCCCCCC(C)(C))c(C(=O)OCCCCCC(C)(C))cccc1,0.9242431323051451
CC12CC(O)C3C(CCC4=CC(=O)CCC34C)C2CCC1C(=O)CO,-0.2621293226569891
Cc1cc(C)cc(C)c1,0.6100359379649162
CCCCCCCCOC(=O)c1ccccc1C(=O)OCCCCCCCC ,0.9207247762084007
CCCCCCCCCCCCCCCO,0.08281772623658179
Clc1cccc(Cl)c1c2c(Cl)cccc2Cl ,-0.05874121168255808
O=C1NC(=O)NC(=O)C1(C)C,0.5189689830064773
CC(C)I,0.07234668781757347
O=N(=O)c1ccccc1N(=O)=O,-0.5054240059018135
CC(C)C(=O)C,-0.14692597921192652
CCCCCCCCCCCCCCCC,-0.029738831073045757
CC12CCC(CC1)C(C)(C)O2,-0.3189898657768965
Cc2cccc3sc1nncn1c23 ,-0.48216743865162137
CCCCCCC(=O)C,-0.0714582688629628
CCCCCCCCC(=O)OC,0.3758003498017787
Fc1ccc(F)cc1,-0.025886089342832652
O=C1N(C2CCC(=O)NC2=O)C(=O)c3ccccc13,0.6663420201659201
CCCN(CCC)c1c(cc(cc1N(=O)=O)C(F)(F)F)N(=O)=O,0.8546462119460104
O=C2NC(=O)C1(CCCC1)C(=O)N2,0.02572441356182098
c1c(NC(=O)OC(C)C(=O)NCC)cccc1,0.5203132132530212
CC(C)=CC3C(C(=O)OCc2cccc(Oc1ccccc1)c2)C3(C)C ,0.8303539626002311
CN(C)C(=O)NC1CCCCCCC1,0.3640522059559822
ClC1(C2(Cl)C3(Cl)C4(Cl)C5(Cl)C1(Cl)C3(Cl)Cl)C5(Cl)C(Cl)(Cl)C24Cl,-0.44066110977977513
CCCCCCCCBr,0.07380566187500948
CCCCNC(=O)n1c(NC(=O)OC)nc2ccccc12,0.36123717430829994
CN(C)c2c(C)n(C)n(c1ccccc1)c2=O ,0.75650291390419
CCC(O)CC,0.09592211344242096
Cc1ccc(cc1)N(=O)=O,0.1930784165561199
CC(C)CCCO,0.0903316191136837
CC34CCC1C(CCC2=CC(=O)CCC12O)C3CCC4(O)C#C,0.006715209531784061
CC(C)OC(=O)C(O)(c1ccc(Br)cc1)c2ccc(Br)cc2 ,0.25410757198333733
Nc2cnn(c1ccccc1)c(=O)c2Cl,0.43734346833229065
CCC(C)(C)O,0.07848625574111934
Cc1ccc(O)cc1,0.7399774520516395
CCOC=O,0.1728025102078914
CN(C)c1ccccc1,0.5861910222887993
C1CCC2CCCCC2C1,-0.45191478087007997
CCCCS,0.07429374105334274
c1ccc2c(c1)c3cccc4ccc5cccc2c5c43,0.1773226608932018
CCC(=O)CC,-0.11182236118018629
CC1CC2C3CC(F)C4=CC(=O)C=CC4(C)C3(F)C(O)CC2(C)C1(O)C(=O)CO,-0.14836067934930325
CCCCC(=O)C,-0.10798630777001383
CCNc1nc(NC(C)(C)C)nc(OC)n1,1.0784363979220388
CCCCC(C)CC,-0.023590717738866895
CNC(=O)Oc1ccccc1C(C)C,0.594716865170002
O=C1NCCN1c2ncc(s2)N(=O)=O,-0.11633882743120194
C1c2ccccc2c3ccc4ccccc4c13,0.33042948281764983
COc1ccccc1Cl,0.6863480649232864
COP(=S)(OC)Oc1cc(Cl)c(Br)cc1Cl,0.4871545430660248
ClC(Cl)CC(=O)NC2=C(Cl)C(=O)c1ccccc1C2=O,-0.364406354726851
ClC(Cl)C(c1ccc(Cl)cc1)c2ccc(Cl)cc2 ,0.2632077531516551
COC(=O)C=C,-0.16791437465250497
CN(C)C(=O)Nc2ccc(Oc1ccc(Cl)cc1)cc2,0.4137256871938705
N(=Nc1ccccc1)c2ccccc2,0.25669274446964263
CC(C)c1ccc(C)cc1,0.6681760634422301
Oc1c(Cl)cccc1Cl,0.7353138870835304
OCC2OC(OC1(CO)OC(CO)C(O)C1O)C(O)C(O)C2O ,-0.0070268634617328685
OC1C(O)C(O)C(O)C(O)C1O,0.023538026905059795
Cn2c(=O)n(C)c1ncn(CC(O)CO)c1c2=O,0.5284359356760978
OCC(NC(=O)C(Cl)Cl)C(O)c1ccc(cc1)N(=O)=O,0.66372774374485
CCC(O)(CC)CC,0.07068219044208524
CC45CCC2C(CCC3CC1SC1CC23C)C4CCC5O,-0.41538203579485417
Brc1ccccc1Br,-0.07507334910035135
Oc1c(Cl)cc(Cl)cc1Cl,0.7939672325849533
CCCN(CCC)c1c(cc(cc1N(=O)=O)S(N)(=O)=O)N(=O)=O,0.3631624924778938
C2c1ccccc1N(CCF)C(=O)c3ccccc23 ,0.38484554311037067
CC(C)C(=O)C(C)C,-0.12164546551108368
O=C1NC(=O)NC(=O)C1(C(C)C)CC=C(C)C,0.7584502767562865
c1c(O)C2C(=O)C3cc(O)ccC3OC2cc1(OC),-0.24423826703131202
Cn1cnc2n(C)c(=O)n(C)c(=O)c12,-0.0048761446058750435
CC(=O)SC4CC1=CC(=O)CCC1(C)C5CCC2(C)C(CCC23CCC(=O)O3)C45,-0.2985382521629334
Cc1ccc(O)cc1C,0.9354183001756667
O(c1ccccc1)c2ccccc2,0.47684159474372867
Clc1cc(Cl)c(cc1Cl)c2cc(Cl)c(Cl)cc2Cl ,0.13496535154581069
NC(=O)c1cccnc1 ,-0.19913289604783063
Sc1ccccc1,0.003591180789470627
CNC(=O)Oc1cc(C)cc(C)c1,0.46856493108272546
ClC1CC2C(C1Cl)C3(Cl)C(=C(Cl)C2(Cl)C3(Cl)Cl)Cl,-0.2911478652387858
NC(=O)c1ccccc1,-0.05031655141711233
Clc1ccccc1Br,-0.08487097200751303
COC(=O)c1ccccc1OC2OC(COC3OCC(O)C(O)C3O)C(O)C(O)C2O,1.1225263821601867
CCCCC(O)CC,0.10132083141803738
CCN2c1nc(C)cc(C)c1NC(=O)c3cccnc23 ,0.6169666375279427
Oc1cc(Cl)cc(Cl)c1,0.7475545066595076
Cc1cccc2c1ccc3ccccc32,0.4083461654305457
CCCCC(CC)CO,0.0888308468520641
CC(C)N(C(C)C)C(=O)SCC(=CCl)Cl,0.4267512460827826
Cc1ccccc1,0.14161207101345052
Clc1cccc(n1)C(Cl)(Cl)Cl,0.9567280773639678
C1CCC=CCC1,-0.3346483399897814
CN(C)C(=S)SSC(=S)N(C)C ,0.49981970854997637
COC1=CC(=O)CC(C)C13Oc2c(Cl)c(OC)cc(OC)c2C3=O,1.0164746161937712
CCCCCCCCCCO,0.09099221650958056
CCC(C)(C)CC,-0.04170061018466953
CNC(=O)C(C)SCCSP(=O)(OC)(OC),0.2813497218489647
Oc1cc(Cl)c(Cl)c(Cl)c1Cl,0.786985755944252
CCCC=O,-0.15740163091421128
CC4CC3C2CCC1=CC(=O)C=CC1(C)C2(F)C(O)CC3(C)C4(O)C(=O)COC(C)=O ,-0.2315557939946652
CCCC,-0.033691764646768596
COc1ccccc1O,0.9921091735482216
CC1CC2C3CCC(O)(C(=O)C)C3(C)CC(O)C2(F)C4(C)C=CC(=O)C=C14,-0.16728990948200229
CCOC(=O)c1ccccc1C(=O)OCC,0.43952874037027356
CC(C)CO,0.0881425078332424
CC(C)Cc1ccccc1,0.5895883803248404
CCCC(O)CCC,0.09043602173924437
CCCCCOC(=O)C,0.36005803148746485
Oc1c(Cl)c(Cl)cc(Cl)c1Cl,0.7528703713059425
CCCc1ccccc1,0.4752398875594138
CC=CC=O,-0.08539143705368046
CN(C)C(=O)N(C)C ,0.3677315006196499
Cc1cc(C)c(C)cc1C,0.6650881978869437
CC(=O)OC3(CCC4C2CCC1=CC(=O)CCC1C2CCC34C)C#C,-0.11219120711088182
CCOP(=S)(OCC)N2C(=O)c1ccccc1C2=O,0.8729460230469702
c1ccccc1NC(=O)c2c(O)cccc2,0.22047890421152105
CCN(CC)C(=S)SCC(Cl)=C,0.4243608841896057
CC(=O)Nc1cc(NS(=O)(=O)C(F)(F)F)c(C)cc1C,0.371695456534624
O=C(C=CC=Cc2ccc1OCOc1c2)N3CCCCC3,0.4689097198247908
CC/C=C\C,-0.06922630668282514
CNC(=O)ON=C(CSC)C(C)(C)C ,0.6724124817252158
O=C2NC(=O)C1(CCCCCCC1)C(=O)N2,0.09360488292574876
c1(C(C)(C)C)cc(C(C)(C)C)cc(OC(=O)NC)c1,0.849134669780731
Oc2cc(O)c1C(=O)CC(Oc1c2)c3ccc(O)c(O)c3,0.8643689077019691
O=C(c1ccccc1)c2ccccc2,-0.4278531802073121
CCCCCCCCCCCCCCCCCCCC,-0.029850107181072283
N(Nc1ccccc1)c2ccccc2 ,0.23286522923111908
CCC(CC)CO,0.0887040280044078
Oc1ccncc1,0.6288881045937537
CC1CCCC1,-0.16122242023944855
CC(C)CC(C)O,0.09391945311427108
O2c1ccc(N)cc1N(C)C(=O)c3cc(C)ccc23 ,0.20322993092536923
CC(C)(C)CO,0.04996179889440533
CC(C)(C)C(=O)C(Oc1ccc(Cl)cc1)n2cncn2,0.09020164217948912
Cc1cc(no1)C(=O)NNCc2ccccc2,0.2025361426591873
Oc1ccc(Cl)cc1Cc2cc(Cl)ccc2O,0.7796414089679716
CCOC(=O)Nc2cccc(OC(=O)Nc1ccccc1)c2 ,0.1654861525475978
O=C1c2ccccc2C(=O)c3ccccc13,-0.6860366005137563
CCCCCCC(C)O,0.10054908176064492
CC1=C(C(=O)Nc2ccccc2)S(=O)(=O)CCO1,0.2649939916670322
CCCCc1ccccc1,0.5886243589282035
COP(=S)(OC)Oc1ccc(Sc2ccc(OP(=S)(OC)OC)cc2)cc1,0.5888803497076033
NS(=O)(=O)c1cc(ccc1Cl)C2(O)NC(=O)c3ccccc23,0.45189345417022697
CC(C)COC(=O)C,0.328025064343214
CC(C)C(C)(C)C,-0.06371470259428025
Clc1ccc(c(Cl)c1Cl)c2c(Cl)cc(Cl)c(Cl)c2Cl ,0.07070008626580238
N#Cc1ccccc1C#N,-0.05460548062920578
Cc1cccc(c1)N(=O)=O,0.08510641012787812
CNC(=O)ON=C(SC)C(=O)N(C)C,0.22281762210130684
CCSCCSP(=S)(OC)OC,0.005127001619338989
CCC(C)C,-0.037374774706363745
COP(=O)(OC)OC(=CCl)c1cc(Cl)c(Cl)cc1Cl,0.28391000118255605
